{"IcoMoonType":"selection","icons":[{"icon":{"paths":["M256 768l236.39-551.58c7.39-17.24 31.829-17.24 39.219 0l236.39 551.58"],"attrs":[{"fill":"none","strokeLinejoin":"miter","strokeLinecap":"round","strokeMiterlimit":"4","strokeWidth":85.33333333333333}],"isMulticolor":false,"isMulticolor2":false,"grid":0,"tags":["topic"]},"attrs":[{"fill":"none","strokeLinejoin":"miter","strokeLinecap":"round","strokeMiterlimit":"4","strokeWidth":85.33333333333333}],"properties":{"order":10,"id":7,"name":"topic","prevSize":32,"code":59648},"setIdx":0,"setId":2,"iconIdx":0},{"icon":{"paths":["M911.181 415.859c-7.646-48.288-59.106-76.097-103.693-56.038l-252.821 113.753 32.209-260.884c5.555-44.993-29.542-84.69-74.876-84.69-45.338 0-80.435 39.697-74.88 84.69l32.213 260.88-252.825-113.748c-44.585-20.060-96.043 7.75-103.691 56.038-6.243 39.42 19.824 76.71 58.988 84.39l260.898 51.145-192.534 221.854c-32.971 37.99-16.495 97.31 31.347 112.853 31.28 10.163 65.425-2.735 82.17-31.044l158.313-267.627 158.315 267.627c16.742 28.309 50.889 41.207 82.167 31.044 47.842-15.543 64.32-74.863 31.347-112.853l-192.533-221.854 260.898-51.145c39.164-7.68 65.229-44.971 58.987-84.39z"],"attrs":[{}],"isMulticolor":false,"isMulticolor2":false,"grid":0,"tags":["source"]},"attrs":[{}],"properties":{"order":3,"id":6,"name":"source","prevSize":32,"code":59649},"setIdx":0,"setId":2,"iconIdx":1},{"icon":{"paths":["M256 640c46.933 0 85.333 38.4 85.333 85.333s-38.4 85.333-85.333 85.333c-46.933 0-85.333-38.4-85.333-85.333s38.4-85.333 85.333-85.333zM256 554.667c-93.867 0-170.667 76.8-170.667 170.667s76.8 170.667 170.667 170.667c93.867 0 170.667-76.8 170.667-170.667s-76.8-170.667-170.667-170.667zM512 213.333c46.933 0 85.333 38.4 85.333 85.333s-38.4 85.333-85.333 85.333c-46.933 0-85.333-38.4-85.333-85.333s38.4-85.333 85.333-85.333zM512 128c-93.867 0-170.667 76.8-170.667 170.667s76.8 170.667 170.667 170.667c93.867 0 170.667-76.8 170.667-170.667s-76.8-170.667-170.667-170.667zM768 640c46.933 0 85.333 38.4 85.333 85.333s-38.4 85.333-85.333 85.333c-46.933 0-85.333-38.4-85.333-85.333s38.4-85.333 85.333-85.333zM768 554.667c-93.867 0-170.667 76.8-170.667 170.667s76.8 170.667 170.667 170.667c93.867 0 170.667-76.8 170.667-170.667s-76.8-170.667-170.667-170.667z"],"attrs":[{}],"isMulticolor":false,"isMulticolor2":false,"grid":0,"tags":["research_group"]},"attrs":[{}],"properties":{"order":4,"id":5,"name":"research_group","prevSize":32,"code":59650},"setIdx":0,"setId":2,"iconIdx":2},{"icon":{"paths":["M896 512c0 212.077-171.923 384-384 384s-384-171.923-384-384c0-212.077 171.923-384 384-384s384 171.923 384 384z","M682.667 512c0 94.257-76.41 170.667-170.667 170.667s-170.667-76.41-170.667-170.667c0-94.257 76.41-170.667 170.667-170.667s170.667 76.41 170.667 170.667z"],"attrs":[{"fill":"none","stroke":"rgb(29, 30, 63)","strokeLinejoin":"miter","strokeLinecap":"butt","strokeMiterlimit":"4","strokeWidth":85.33333333333333},{}],"isMulticolor":false,"isMulticolor2":true,"grid":0,"tags":["project"]},"attrs":[{"fill":"none","stroke":"rgb(29, 30, 63)","strokeLinejoin":"miter","strokeLinecap":"butt","strokeMiterlimit":"4","strokeWidth":85.33333333333333},{}],"properties":{"order":11,"id":4,"name":"project","prevSize":32,"code":59651},"setIdx":0,"setId":2,"iconIdx":3},{"icon":{"paths":["M483.661 423.32l-222.484-222.484c-16.662-16.662-43.677-16.662-60.34 0s-16.663 43.677 0 60.34l222.484 222.484 60.34-60.34z","M544 604.339l163.661 163.661h-110.327v85.333h213.333c23.565 0 42.667-19.102 42.667-42.667v-213.333h-85.333v110.327l-163.661-163.661-60.339 60.339z","M853.333 213.333c0-23.564-19.102-42.667-42.667-42.667h-213.333v85.333h113.988l-506.824 506.825c-16.662 16.661-16.662 43.678 0 60.339s43.677 16.661 60.34 0l503.162-503.164v106.667h85.333v-213.333z"],"attrs":[{},{},{}],"isMulticolor":false,"isMulticolor2":false,"grid":0,"tags":["metric"]},"attrs":[{},{},{}],"properties":{"order":6,"id":3,"name":"metric","prevSize":32,"code":59652},"setIdx":0,"setId":2,"iconIdx":4},{"icon":{"paths":["M896 298.75c0 23.564-19.102 42.667-42.667 42.667h-682.665c-23.564 0-42.667-19.102-42.667-42.667v0c0-23.564 19.103-42.667 42.667-42.667h682.665c23.565 0 42.667 19.103 42.667 42.667v0z","M896 512.030c0 23.565-19.102 42.667-42.667 42.667h-682.667c-23.564 0-42.667-19.102-42.667-42.667v0c0-23.561 19.103-42.667 42.667-42.667h682.667c23.565 0 42.667 19.106 42.667 42.667v0z","M128 725.363c0 23.565 19.103 42.667 42.667 42.667h682.667c23.565 0 42.667-19.102 42.667-42.667v0c0-23.561-19.102-42.667-42.667-42.667h-682.667c-23.564 0-42.667 19.106-42.667 42.667v0z"],"attrs":[{},{},{}],"isMulticolor":false,"isMulticolor2":false,"grid":0,"tags":["dataset"]},"attrs":[{},{},{}],"properties":{"order":7,"id":2,"name":"dataset","prevSize":32,"code":59653},"setIdx":0,"setId":2,"iconIdx":5},{"icon":{"paths":["M640 213.333h-85.333v-85.333h85.333c47.13 0 85.333 38.205 85.333 85.333v597.333c0 47.13-38.204 85.333-85.333 85.333h-85.333v-85.333h85.333v-597.333z","M384 810.667h85.333v85.333h-85.333c-47.128 0-85.333-38.204-85.333-85.333v-597.333c0-47.128 38.205-85.333 85.333-85.333h85.333v85.333h-85.333v597.333z","M256 469.333h-85.333v341.333h85.333v85.333h-85.333c-47.128 0-85.333-38.204-85.333-85.333v-341.333c0-47.128 38.205-85.333 85.333-85.333h85.333v85.333z","M768 810.667h85.333v-341.333h-85.333v-85.333h85.333c47.13 0 85.333 38.205 85.333 85.333v341.333c0 47.13-38.204 85.333-85.333 85.333h-85.333v-85.333z","M490.667 512h42.667c11.782 0 21.333 9.551 21.333 21.333v42.667c0 11.782-9.551 21.333-21.333 21.333h-42.667c-11.782 0-21.333-9.551-21.333-21.333v-42.667c0-11.782 9.551-21.333 21.333-21.333z","M490.667 341.333h42.667c11.782 0 21.333 9.551 21.333 21.333v42.667c0 11.782-9.551 21.333-21.333 21.333h-42.667c-11.782 0-21.333-9.551-21.333-21.333v-42.667c0-11.782 9.551-21.333 21.333-21.333z"],"attrs":[{},{},{},{},{},{}],"isMulticolor":false,"isMulticolor2":false,"grid":0,"tags":["company_group"]},"attrs":[{},{},{},{},{},{}],"properties":{"order":8,"id":1,"name":"company_group","prevSize":32,"code":59654},"setIdx":0,"setId":2,"iconIdx":6},{"icon":{"paths":["M725.333 213.333h-85.333v-85.333h85.333c47.13 0 85.333 38.205 85.333 85.333v597.333c0 47.13-38.204 85.333-85.333 85.333h-85.333v-85.333h85.333v-597.333z","M298.667 810.667h85.333v85.333h-85.333c-47.128 0-85.333-38.204-85.333-85.333v-597.333c0-47.128 38.205-85.333 85.333-85.333h85.333v85.333h-85.333v597.333z","M405.333 512h42.667c11.782 0 21.333 9.551 21.333 21.333v42.667c0 11.782-9.551 21.333-21.333 21.333h-42.667c-11.782 0-21.333-9.551-21.333-21.333v-42.667c0-11.782 9.551-21.333 21.333-21.333z","M405.333 341.333h42.667c11.782 0 21.333 9.551 21.333 21.333v42.667c0 11.782-9.551 21.333-21.333 21.333h-42.667c-11.782 0-21.333-9.551-21.333-21.333v-42.667c0-11.782 9.551-21.333 21.333-21.333z","M576 512h42.667c11.782 0 21.333 9.551 21.333 21.333v42.667c0 11.782-9.551 21.333-21.333 21.333h-42.667c-11.782 0-21.333-9.551-21.333-21.333v-42.667c0-11.782 9.551-21.333 21.333-21.333z","M576 341.333h42.667c11.782 0 21.333 9.551 21.333 21.333v42.667c0 11.782-9.551 21.333-21.333 21.333h-42.667c-11.782 0-21.333-9.551-21.333-21.333v-42.667c0-11.782 9.551-21.333 21.333-21.333z"],"attrs":[{},{},{},{},{},{}],"isMulticolor":false,"isMulticolor2":false,"grid":0,"tags":["company"]},"attrs":[{},{},{},{},{},{}],"properties":{"order":9,"id":0,"name":"company","prevSize":32,"code":59655},"setIdx":0,"setId":2,"iconIdx":7}],"height":1024,"metadata":{"name":"icomoon"},"preferences":{"showGlyphs":true,"showQuickUse":true,"showQuickUse2":true,"showSVGs":true,"fontPref":{"prefix":"icon-","metadata":{"fontFamily":"icomoon"},"metrics":{"emSize":1024,"baseline":6.25,"whitespace":50},"embed":false},"imagePref":{"prefix":"icon-","png":true,"useClassSelector":true,"color":0,"bgColor":16777215,"classSelector":".icon"},"historySize":50,"showCodes":true,"gridSize":16}}